{"cameraMode":{"drawMode":0,"name":"Shaded","section":"Shading Mode"},"sceneLighting":true,"audioPlay":false,"sceneViewState":{"showFog":true,"showMaterialUpdate":false,"showSkybox":true,"showFlares":true,"showImageEffects":true,"showParticleSystems":true},"in2DMode":false,"pivot":{"x":34.33700180053711,"y":69.55804443359375,"z":-35.81371307373047},"rotation":{"x":0.3723488450050354,"y":0.12939831614494325,"z":-0.05251134932041168,"w":0.9175554513931274},"size":38.44675827026367,"orthographic":false}