{"cameraMode":{"drawMode":0,"name":"Shaded","section":"Shading Mode"},"sceneLighting":true,"audioPlay":false,"sceneViewState":{"showFog":true,"showMaterialUpdate":false,"showSkybox":true,"showFlares":true,"showImageEffects":true,"showParticleSystems":true},"in2DMode":false,"pivot":{"x":43.3563232421875,"y":62.822998046875,"z":-35.86243438720703},"rotation":{"x":0.5791836977005005,"y":0.13933300971984864,"z":-0.10126931220293045,"w":0.7968712449073792},"size":39.61756896972656,"orthographic":false}