{"cameraMode":{"drawMode":0,"name":"Shaded","section":"Shading Mode"},"sceneLighting":false,"audioPlay":false,"sceneViewState":{"showFog":true,"showMaterialUpdate":false,"showSkybox":false,"showFlares":true,"showImageEffects":true,"showParticleSystems":true},"in2DMode":false,"pivot":{"x":39.50215148925781,"y":83.70899963378906,"z":-23.700016021728517},"rotation":{"x":0.14524021744728089,"y":0.8491595387458801,"z":-0.30229175090789797,"w":0.40799200534820559},"size":0.583221971988678,"orthographic":true}